Tweet id	Sentiment	Category
1494924349542830080	1	advice
1494924312477904896	0	advice
1494923803234820096	0	advice
1494923663753330688	0	worldview
1494922608277479427	0	advice
1494921797115858947	0	advice
1494920443597590530	0	worldview
1494920325527932930	0	advice
1494920246914064387	0	worldview
1494920122867548161	0	advice
1494919856453419009	0	worldview
1494919460301455363	1	advice
1494918427684835330	0	worldview
1494918423884623872	0	advice
1494914645261717504	0	advice
1494914143102676993	0	personal-experience
1494911640231452673	0	worldview
1494911632560242688	0	affirmation
1494910295562674177	0	worldview
1494905037067210754	0	worldview
1494902763855269890	0	worldview
1494902269904515074	0	worldview
1494895119358693377	0	advice
1494894618785116163	0	worldview
1494894519879356418	0	worldview
1494891861017726981	0	advice
1494891631253737477	0	advice
1494887689484521473	1	advice
1494887121831616513	0	worldview
1494879663831019520	0	worldview
1494878857937235976	0	worldview
1494878500305739779	0	worldview
1494867398305845251	0	advice
1494850007433981953	0	worldview
1494848481739120645	0	worldview
1494847113204805637	0	advice
1494846697901539335	1	advice
1494845243900166147	0	worldview
1494839500337467400	1	affirmation
1494839177736818692	0	worldview
1494837824666882051	0	advice
1494836875701493760	0	worldview
1494836726426181637	0	worldview
1494833427081830400	0	worldview
1494831892750688260	0	worldview
1494831688836423693	0	advice
1494828793545904129	0	advice
1494828146436182018	1	advice
1494827557618864132	1	worldview
1494826175562072064	0	affirmation
1494824487749046275	1	worldview
1494822854050947072	0	advice
1494822165874626565	0	worldview
1494819507629551617	0	worldview
1494814221552472071	0	worldview
1494813380795904005	0	worldview
1494809187498532869	0	worldview
1494809083295289345	0	worldview
1494808786468589572	0	worldview
1494805506011062284	0	affirmation
1494801433757167616	0	worldview
1494798239597744129	0	worldview
1494797326312951816	0	advice
1494794003744702472	1	worldview
1494793502403801089	0	worldview
1494793330957377537	0	worldview
1494793295075102722	0	advice
1494791566782783493	0	advice
1494791127605645314	0	advice
1494786776120057862	0	advice
1494786008327593985	0	advice
1494784100502319106	0	personal-experience
1494782536731533316	0	worldview
1494782409514049541	0	personal-experience
1494778966850342919	0	worldview
1494777756013535245	0	worldview
1494768120728334337	0	worldview
1494767177706184708	0	worldview
1494766575731179522	0	worldview
1494764538146824200	0	worldview
1494764094339039237	0	affirmation
1494759816346038276	0	worldview
1494758003089813510	0	worldview
1494757429539741698	0	worldview
1494756228035223552	0	worldview
1494756151598235651	0	worldview
1494753709057658880	0	advice
1494752534174576645	0	worldview
1494752327630086144	0	affirmation
1494752227856060416	1	worldview
1494748796496105478	1	worldview
1494746259629957133	0	worldview
1494743751826288643	0	worldview
1494741130432454667	1	affirmation
1494739940390969352	0	advice
1494737737051746308	1	worldview
1494737249535205379	0	worldview
1494735737450684418	0	worldview
1494735641158033408	0	worldview
1494726377613922306	0	worldview
1494726219232911365	0	advice
1494723709881442306	0	advice
1494723607846608902	0	personal-experience
1494722452236251138	0	worldview
1494721878149283847	0	worldview
1494721118221086734	1	worldview
1494719929710522371	0	worldview
1494718642772185089	0	affirmation
1494715745049235459	0	worldview
1494714840803282951	0	worldview
1494712828397338633	0	worldview
1494710927429615622	0	worldview
1494710880214433795	0	worldview
1494709563752435723	0	worldview
1494709529522679810	0	worldview
1494709102194405376	0	worldview
1494707916577906695	0	worldview
1494707732146016258	0	worldview
1494704989989748741	0	worldview
1494704488543830016	0	worldview
1494704024092053504	0	worldview
1494703869972131846	0	worldview
1494703608457310215	0	personal-experience
1494703329569652739	0	worldview
1494702449092960258	0	worldview
1494702411662905354	1	worldview
1494701058404270081	0	worldview
1494700954981224449	0	worldview
1494698977425604608	1	worldview
1494698575674363904	1	advice
1494698004732948485	0	worldview
1494697989826555910	1	worldview
1494697975007768577	0	worldview
1494697955588448256	0	worldview
1494697942393180160	0	worldview
1494697925875990528	0	worldview
1494697891751141376	0	worldview
1494697223116009475	0	worldview
1494695533847670787	0	worldview
1494695154338643968	0	worldview
1494694805754068993	0	worldview
1494694774846398464	0	worldview
1494694395110563841	0	worldview
1494694013932163077	0	worldview
1494693982223355911	0	worldview
1494692586434580485	0	worldview
1494692234645499904	0	worldview
1494692067729096709	0	worldview
1494691954751385603	0	worldview
1494691721963266053	0	worldview
1494690421624262657	0	worldview
1494689414559195136	0	worldview
1494688849729138688	0	worldview
1494688562398347266	0	worldview
1494681824987164676	0	worldview
1494679705013919751	0	advice
1494678300760973319	0	advice
1494678131327836164	0	worldview
1494677613419319298	0	advice
1494676851083644945	0	worldview
1494676659567476737	0	worldview
1494674694678585349	0	worldview
1494671622380343298	0	advice
1494669632845881345	0	worldview
1494669600226971648	1	worldview
1494668589873438721	0	worldview
1494666614444212228	0	advice
1494665570104623109	1	worldview
1494664639375986699	0	advice
1494664270642094090	0	worldview
1494660004309315587	0	worldview
1494655647924854784	0	worldview
1494654992095064068	0	advice
1494651272552914944	0	worldview
1494650629700337668	0	worldview
1494649156060815361	0	worldview
1494646693693992960	0	advice
1494646650052218890	0	worldview
1494643370601316356	0	worldview
1494640819433017345	0	worldview
1494638789683253266	0	worldview
1494634656524029954	0	worldview
1494634056625328130	0	worldview
1494633763569270785	0	worldview
1494633560883761158	0	worldview
1494633282075754497	0	advice
1494633148365570048	0	advice
1494632994459553815	0	worldview
1494630775509114880	0	worldview
1494630447111884801	0	worldview
1494629935826497538	0	worldview
1494628585449181188	0	worldview
1494626247162408966	0	worldview
1494620257134288902	0	worldview
1494618656915038212	0	worldview
1494617475685949440	0	worldview
1494617137025265669	0	worldview
1494614155474706442	0	worldview
1494614130749280256	0	advice
1494614061010591773	0	worldview
1494614052626120704	0	worldview
1494614044287901727	0	worldview
1494613985831882752	0	advice
1494613951858024448	0	advice
1494613615152082945	0	advice
1494612727452606494	0	advice
1494611960238907401	0	worldview
1494610778661748738	0	worldview
1494610341233369109	0	advice
1494610323290361859	1	advice
1494610136807374849	1	advice
1494609700922531870	1	advice
1494608605022195717	0	worldview
1494608580829454368	0	worldview
1494607815805005824	0	worldview
1494607524175122432	0	worldview
1494604148012158976	0	worldview
1494603408023691277	0	worldview
1494602727611113492	0	advice
1494602701283467273	0	worldview
1494601873487241222	0	advice
1494601341959872514	0	worldview
1494599192081317890	0	worldview
1494593843458867200	0	advice
1494592004319178755	0	worldview
1494589523111653394	1	worldview
1494588581419307008	0	worldview
1494588464255414281	0	worldview
1494587101249220629	0	advice
1494585304111591450	0	worldview
1494583108074496000	0	advice
1494582863165272065	1	advice
1494579616731697152	1	advice
1494578110800429060	1	advice
1494574907543670784	0	advice
1494572154674982914	0	worldview
1494568235362144287	0	worldview
1494568028062863383	0	worldview
1494558906496204800	0	advice
1494558317531877393	1	worldview
1494557393350688772	0	worldview
1494557092606365701	0	worldview
1494556041740275715	0	worldview
1494549818122850307	1	worldview
1494549787005407240	0	worldview
1494546026019139585	0	worldview
1494544736585240592	0	worldview
1494538316535910402	0	worldview
1494532375740571681	0	worldview
1494532369180676096	1	advice
1494531581238779909	0	advice
1494525602073829382	0	worldview
1494523007074775042	0	worldview
1494519502666563585	0	worldview
1494515652056518658	0	worldview
1494515474876764164	0	advice
1494510673165836288	0	worldview
1494510503481286658	0	advice
1494507848700600327	0	worldview
1494507642651303939	0	advice
1494506961689268238	0	advice
1494506399560187904	0	worldview
1494492466665312256	0	advice
1494489318378942476	0	worldview
1494488447591280641	0	worldview
1494487067828670465	0	worldview
1494485782463057922	1	worldview
1494484309461413897	0	worldview
1494480419064098822	0	worldview
1494480308032397312	0	worldview
1494478180647727106	0	worldview
1494472894516277250	0	worldview
1494472383645814786	0	worldview
1494465785351348233	0	worldview
1494454170019147785	0	worldview
1494452931617251331	0	worldview
1494446745312501764	0	worldview
1494444233234661379	0	worldview
1494444141257928708	0	worldview
1494444089328091150	0	worldview
1494443110016991233	0	worldview
1494441154934292511	0	advice
1494439052237586433	0	worldview
1494436025246134282	0	advice
1494436015888486400	0	worldview
1494434971125260290	0	worldview
1494434929417011201	0	advice
1494434398426447874	0	worldview
1494431179147292680	0	worldview
1494430630691676161	0	worldview
1494428803476639744	0	worldview
1494427066380525572	0	advice
1494425818025521185	0	worldview
1494424608421953538	0	worldview
1494423032798011394	0	worldview
1494422815273062407	0	advice
1494420357607931905	0	worldview
1494420148198981634	0	advice
1494420065294315541	0	worldview
1494419909421547527	0	worldview
1494414034908635146	0	advice
1494408971326832646	0	worldview
1494408759523016704	0	worldview
1494406415397568517	0	advice
1494406112103350275	0	advice
1494406074744688644	0	advice
1494404394548445187	0	advice
1494404123562811398	0	worldview
1494403880737808394	0	worldview
1494403842942947330	0	worldview
1494400994666496007	0	advice
1494400960629776391	0	advice
1494396857899884547	0	advice
1494393771777212417	0	advice
1494391386136727553	0	worldview
1494388442104573956	0	advice
1494386357812219914	0	worldview
1494383760971911176	0	worldview
1494383310222594050	0	worldview
1494378674543480836	0	worldview
1494377178519130113	0	worldview
1494372712491663360	0	worldview
1494371396973170690	0	worldview
1494371127405252613	0	worldview
1494370643231617024	0	worldview
1494369277570396162	0	worldview
1494366486034583562	0	advice
1494364804248748035	0	advice
1494361476538470401	0	worldview
1494361108563513347	0	worldview
1494359864088449036	0	advice
1494357709814124545	0	worldview
1494357602544848903	0	advice
1494356216759214095	0	worldview
1494350473356361728	0	worldview
1494349684797849608	0	advice
1494349647774576642	0	worldview
1494349270509494273	0	advice
1494348493384818689	0	worldview
1494346490160062469	0	worldview
1494346446077939716	0	worldview
1494345142630768642	0	advice
1494344974405554177	1	advice
1494344808512606208	0	advice
1494344535043809280	0	advice
1494342693778239496	1	worldview
1494342637297586177	1	worldview
1494342499434786818	0	worldview
1494341956738351106	0	advice
1494340919029547008	0	worldview
1494340116399022092	0	advice
1494338651576147970	0	worldview
1494337609929150466	0	worldview
1494337211755495424	0	worldview
1494335571195432965	0	worldview
1494332178800406533	0	advice
1494329570970902529	0	worldview
1494327579834470410	0	advice
1494326969634209798	0	advice
1494324104832290834	0	advice
1494323927945867264	0	worldview
1494322792518795264	0	advice
1494322773992550406	0	worldview
1494322760574976003	0	advice
1494319157520867330	0	worldview
1494319057230835717	0	advice
1494318778393542659	0	worldview
1494315801444245504	0	worldview
1494315796813778949	0	worldview
1494314380858515460	1	worldview
1494314212864188421	0	personal-experience
1494313924669603849	0	worldview
1494310929751846919	0	advice
1494307086364475401	0	advice
1494305573101178886	0	advice
1494303706040659971	0	advice
1494303180754239493	0	worldview
1494299365279772675	0	advice
1494299173927092225	0	worldview
1494299110123446272	0	advice
1494292723364413440	0	advice
1494291615468638208	0	advice
1494289812844871682	0	worldview
1494286462950514688	0	advice
1494286239448637442	0	worldview
1494284265919553536	0	worldview
1494282232571121667	0	advice
1494281987464568832	0	advice
1494278717727719426	0	advice
1494278382414086145	0	worldview
1494277291442315264	0	advice
1494276975489437698	0	worldview
1494274210356776966	0	advice
1494271666834317312	0	advice
1494270708096147456	0	worldview
1494269766734946308	0	worldview
1494266183868366849	0	worldview
1494263513686380552	0	affirmation
1494260696078434305	0	worldview
1494258138752692224	0	worldview
1494257865066000385	0	worldview
1494257535385321481	0	worldview
1494255880422191105	0	advice
1494254598370078720	0	advice
1494254574999384072	0	worldview
1494250658601578501	0	worldview
1494250596282552321	0	worldview
1494248895781941249	0	worldview
1494248583914487811	0	worldview
1494248577429692418	0	worldview
1494238351364444168	0	advice
1494237055513206785	0	worldview
1494235550194278401	0	advice
1494233478346330114	0	worldview
1494231124016451586	0	worldview
1494228967372607490	1	advice
1494228926725599234	0	worldview
1494227160424271877	0	worldview
1494225494182547457	0	worldview
1494224738301980672	0	worldview
1494220081626185728	1	worldview
1494219631942582273	0	advice
1494217537667702789	0	worldview
1494217465135566852	0	worldview
1494217452003241987	0	worldview
1494216482171105280	1	worldview
1494212554553450499	0	worldview
1494212520177201153	0	worldview
1494210885610467328	0	worldview
1494210511059439617	0	advice
1494209470401957906	0	worldview
1494208587413049344	0	advice
1494202892097835008	0	worldview
1494202534575194113	0	worldview
1494201128522813443	0	worldview
1494198062264492035	0	worldview
1494197947990683651	0	advice
1494197618234519555	0	advice
1494195452966686722	0	advice
1494195131389337602	0	worldview
1494194141168816132	0	worldview
1494190271747305473	0	affirmation
1494189886978637824	0	advice
1494185736416935944	0	advice
1494182183782785024	0	affirmation
1494180149163700225	0	worldview
1494180113591803908	0	worldview
1494172418335645696	0	worldview
1494172396999249922	0	worldview
1494170664089145346	0	worldview
1494170284131340291	0	worldview
1494169651521204227	0	worldview
1494168641855946756	0	worldview
1494168090757763078	0	worldview
1494167375675269122	0	worldview
1494167186482552834	0	advice
1494166355154776064	0	worldview
1494162200310661126	0	worldview
1494160489265647618	0	worldview
1494158687195127808	0	worldview
1494152134018928646	0	worldview
1494149761514893314	0	worldview
1494148923132297228	0	worldview
1494148502288535554	0	worldview
1494148200583860230	0	worldview
1494147495139713028	0	worldview
1494147325136347136	0	worldview
1494146928199626752	0	worldview
1494144874194477058	0	worldview
1494144809938059264	0	advice
1494142796353077248	0	advice
1495247696965214209	0	worldview
1495247688333361160	0	worldview
1495247676824117248	0	worldview
1495247667638587392	0	advice
1495247644112814086	0	advice
1495247634927284225	0	worldview
1495247622998687745	0	worldview
1495242589473148929	0	advice
1495242280483102722	0	worldview
1495240472226263045	0	worldview
1495240441892986880	0	worldview
1495240334778847233	0	personal-experience
1495240321139036162	0	worldview
1495240311051669506	0	advice
1495240057875091457	0	advice
1495239971979948033	0	advice
1495239280423174149	0	advice
1494593193068961793	0	worldview
1494585304111591450	0	advice
1494583733298634753	0	advice
1494583108074496000	0	worldview
1494582863165272065	0	advice
1494582507681062912	0	advice
1494579946420727808	0	advice
1494574940858822673	0	worldview
1494571095499821060	0	advice
1494570433546387461	0	worldview
1494568028062863383	0	advice
1494568023755091973	0	advice
1494567625581645861	0	advice
1494567408715157515	0	worldview
1494566863883304964	0	advice
1494564961477038082	1	advice
1494557548325883922	0	advice
1494557432743608323	0	worldview
1494557405727772674	0	worldview
1494555455892647943	0	worldview
1494552298680471553	0	advice
1494549787005407240	0	advice
1494547371664891906	0	advice
1494545066685198338	0	worldview
1494544736585240592	0	advice
1494543711941939207	0	worldview
1494582461996552194	0	worldview
1494642042407841795	0	advice
1494641595928383490	0	advice
1494640819433017345	0	advice
1494639546415386628	0	worldview
1494639201945473026	0	worldview
1494637766453329921	0	worldview
1494635020853866500	0	worldview
1494634656524029954	0	advice
1494634056625328130	0	advice
1494633763569270785	0	advice
1494633148365570048	0	worldview
1494632788020056066	0	worldview
1494631264653086728	0	advice
1494630775509114880	0	advice
1494628608706596867	0	worldview
1494625784727674883	0	advice
1494622777923436545	0	worldview
1494620936406208515	1	worldview
1494617475685949440	0	advice
1494614155474706442	0	advice
1494612687992537089	0	advice
1494611960238907401	0	advice
1494611032765235201	0	advice
1495269409526464513	0	worldview
1495266478852960259	0	worldview
1495266179832762375	0	advice
1495264976524779524	0	worldview
1495264912154800128	0	worldview
1495258386992033793	0	worldview
1495249805353828360	0	worldview
1495242280483102722	0	advice
1495218566375043075	0	advice
1495214613046054917	0	advice
1495218661040082944	0	worldview
1528613696615895040	0	worldview
1528590292483461120	0	worldview
1528566636516519936	0	worldview
1528542980956573696	0	advice
1528519324943519744	0	advice
1528495417285087233	0	worldview
1528472264714379264	0	advice
1528448608936161280	0	advice
1528425204749373440	0	worldview
1528401548883243009	0	advice
1528377893021224960	1	worldview
1528354236995469318	0	advice
1528329574488018944	1	advice
1528307680418402304	0	worldview
1528282262780911617	0	worldview
1528260368824291328	0	advice
1528234950876536834	0	advice
1528213308750254080	0	worldview
1528187387565645825	0	advice
1528165241703436288	0	advice
1528139070274142208	0	worldview
1528117929916526592	0	advice
1528092764428181504	0	advice
1528070618138038272	0	advice
1528045955722776577	0	worldview
1528023306527309824	0	advice
1527999147411877888	0	advice
1527976246964957184	0	worldview
1527951835624898560	0	advice
1527929438125494272	0	worldview
1527904776272220160	0	worldview
1527882379150229505	0	advice
1527857463894196224	0	worldview
1527835570042331136	0	advice
1527810907329335296	0	advice
1527787754913792000	0	advice
1527764099395895302	0	advice
1527739940380889088	0	advice
1527716535929712640	0	advice
1527692627822403586	0	worldview
1527668972191105026	1	advice
1527645567647481856	1	worldview
1527621911747907584	0	worldview
1527599010814611458	0	worldview
1527574349368020992	0	worldview
1527551950451003392	0	worldview
1527527288094568448	0	worldview
1527504890427080704	0	worldview
1527479976387280896	0	worldview
1527458082082525184	0	advice
1527432916828950528	0	worldview
1527410771650564122	0	advice
1527394664428576770	0	worldview
1527362452064612359	0	worldview
1527338796068511744	0	advice
1527315392900780032	0	worldview
1527291484373917696	0	advice
1527268080862232577	0	advice
1527244676658368512	0	worldview
1527221272274296832	0	worldview
1527196861609672705	0	worldview
1527174463338553350	0	worldview
1527149801992638464	0	worldview
1527127657246117889	0	worldview
1527102741486587906	0	worldview
1527079588085522433	0	worldview
1527055428844134400	0	worldview
1527032277011775490	0	worldview
1527008369310961664	0	worldview
1526984965262548994	0	worldview
1526961309232816130	0	worldview
1526937904978661376	0	worldview
1526914752345251844	0	worldview
1526890593154220033	0	worldview
1526867692660981760	0	worldview
1526843784985579520	0	worldview
1526820380966588424	0	worldview
1526796976238514179	0	worldview
1526772564919341056	0	worldview
1526750167436668928	0	worldview
1526725002116071424	0	worldview
1526703107794685952	0	worldview
1526677942394204160	0	worldview
1526655796393693184	0	worldview
1526630882999607296	0	worldview
1526607728763977729	0	worldview
1526583570546012160	0	worldview
1526560165679464448	0	worldview
1526537014312673280	0	worldview
1526527601434566656	0	worldview
1526512853892612101	0	worldview
1526489449626050563	0	worldview
1526465542067986433	0	worldview
1526442137851547648	0	worldview
1526418733702557701	0	worldview
1526394826236755969	0	worldview
1526371171259670529	0	worldview
1526347514294718470	0	worldview
1526324361942155268	0	worldview
1526299950933372928	0	worldview
1526277050620846081	0	worldview
1526253142366732288	0	worldview
1526229991830065157	0	worldview
1526206586389245953	0	worldview
1526182930309165056	0	worldview
1526159526331928577	0	worldview
1526135869568081921	0	worldview
1526112717278392320	0	worldview
1526088809871384576	0	worldview
1526065405676109827	0	worldview
1526041749633716224	0	worldview
1526017841928994816	0	worldview
1525994941150728192	0	worldview
1525970026829910017	0	worldview
1525947629472997378	0	worldview
1525923218502012928	0	worldview
1525900317623189508	0	worldview
1525875907377778691	0	worldview
1525855607667957763	0	worldview
1525852754564026370	0	worldview
1525829350008004610	0	worldview
1525805190775021573	0	worldview
1525782038200074240	0	worldview
1525758130834919424	0	worldview
1525735481736146945	0	worldview
1525711322255482880	0	worldview
1525687918823477248	0	worldview
1525664513974059009	0	worldview
1525640606344691712	0	worldview
1525617202338181120	0	worldview
1525592539440500737	0	worldview
1525570141827739648	0	worldview
1525545479534047232	0	worldview
1525522830170787840	0	worldview
1525498168204460032	0	worldview
1525474763535028224	0	worldview
1525450101174304769	0	worldview
1525427703469338625	0	worldview
1525403544538427392	0	worldview
1525393538833424385	0	worldview
1525379636552683520	0	worldview
1525356232835465217	0	worldview
1525332324841398273	0	worldview
1525308920717119489	0	worldview
1525285013805219842	0	worldview
1525261860529922049	0	worldview
1525238456544264193	0	worldview
1525214548919062528	0	worldview
1525191396331638784	0	worldview
1525167489507856387	0	worldview
1525144336744079360	0	worldview
1525130985393750022	0	worldview
1525120177184002048	0	worldview
1525097024642764800	0	worldview
1525073117298601985	0	worldview
1525049712801460225	0	worldview
1525025805599842304	0	worldview
1525003155846537216	0	worldview
1524978997012140034	0	worldview
1524956096015675392	0	worldview
1524931936673734669	0	worldview
1524908783989817384	0	worldview
1524884373325111311	0	worldview
1524861220817317890	0	worldview
1524837313360142336	0	worldview
1524814412888023040	0	worldview
1524790504944279553	0	worldview
1524767353271046146	0	worldview
1524749761164705794	0	worldview
1524743444710797312	0	worldview
1524720040620306433	0	worldview
1524696636248625152	0	worldview
1524672477070299137	0	worldview
1524649324377911296	0	worldview
1524625668515917825	0	worldview
1524600754488545280	0	worldview
1524579111825457153	0	worldview
1524553442529738757	0	worldview
1524531799879143424	0	worldview
1524506131535605761	0	worldview
1524484991614427147	0	worldview
1524459574115282944	0	worldview
1524437679923884032	0	worldview
1524412514808782854	0	worldview
1524390871587774464	0	worldview
1524365705885274114	0	worldview
1524343308037799938	0	worldview
1524318897456893952	0	worldview
1524295996276047877	0	worldview
1524271837156298752	0	worldview
1524248684501909506	0	worldview
1524224525428264960	0	worldview
1524201624541011969	0	worldview
1524176961785917440	0	worldview
1524154564353544194	0	worldview
1524129902135492608	0	worldview
1524107504434692097	0	worldview
1524082841998356480	0	worldview
1524060444540821504	0	worldview
1509670440955957256	0	worldview
1508647567810338816	0	worldview
1498850512728473600	0	worldview
1498751426687868934	0	worldview
1498690022618415104	0	worldview
1498594177306800131	0	worldview
1498314296496906247	0	worldview
1498162656372535299	0	worldview
1497359637565382656	0	worldview
1496201208830345219	0	worldview
1496041453440614401	0	worldview
1495567216208666624	0	worldview
1495312857822597120	0	worldview
1492492434898513922	0	worldview
1492370912238317570	0	worldview
1490066709142724614	0	worldview
1488440808554602502	0	worldview
1486585534063550468	0	worldview
1486196522844921856	0	worldview
1483301418517815296	0	worldview
1481744075934031875	0	worldview
1481437249048825861	0	worldview
1479376930973569026	0	worldview
1478544028337680388	0	worldview
1478372850226634757	0	worldview
1477696297801031682	0	worldview
1476721019809411074	0	worldview
1462791900117835782	0	worldview
1461839567707901953	0	worldview
1459660255328153604	0	worldview
1458922993799864320	0	worldview
1447800885887868932	0	worldview
1447538197983076356	0	worldview
1437190898325000192	0	worldview
1436585825890971648	0	worldview
1435804222017130500	0	worldview
1432852831468494848	0	worldview
1432558119423447040	0	worldview
1425946133759733760	0	worldview
1412282738778984450	0	worldview
1410059792471756800	0	worldview
1409629217227169793	0	worldview
1408552861533978624	0	worldview
1408159730007265289	0	worldview
1407412901628026881	0	worldview
1407235867534561282	0	worldview
1405745760461746180	0	worldview
1402793948599435270	0	worldview
1401762506637459457	0	worldview
1399154429870460935	0	worldview
1391883653509156872	0	worldview
1391566462368862217	0	worldview
1386737499096092675	0	worldview
1385666847295655949	0	worldview
1382236964628365313	0	worldview
1379118155776294921	0	worldview
1378483451955974151	0	worldview
1378422804601839617	0	worldview
1378321636580016133	0	worldview
1378135912354344960	0	worldview
1378044817960267780	0	worldview
1377958744907259907	0	worldview
1377596862107168768	0	worldview
1377322589882834951	0	worldview
1377231454204268544	0	worldview
1376995902456479744	0	worldview
1376958173198872576	0	worldview
1376868311015825411	0	worldview
1376645089561346051	0	worldview
1376598036462366721	0	worldview
1376507435263868931	0	worldview
1374919000568791049	0	worldview
1367346939537354753	0	worldview
1366820134023815177	0	worldview
1365348629037412360	0	worldview
1356650849301331971	0	worldview
1356029560962351106	0	worldview
1355742339281674245	0	worldview
1355671387751518209	0	worldview
1350573945121091585	0	worldview
1350109150215348224	0	worldview
1350109038139371520	0	worldview
1345593308509306880	0	worldview
1345414552347807745	0	worldview
1345354211589021696	0	worldview
1343834727090974721	0	worldview
1343513819759439873	0	worldview
1341919200999305216	0	worldview
1340511036605132800	0	worldview
1337235313652019202	0	worldview
1336823561852432384	0	worldview
1336721199183900673	0	worldview
1336576301415751685	0	worldview
1335358016049344513	0	worldview
1331797152943714304	0	worldview
1331105941094354947	0	worldview
1331023448743817218	0	worldview
1327197290029867008	0	worldview
1325438769135316998	0	advice
1528446041724399618	0	worldview
1528213217427697664	0	advice
1528096785373491200	1	advice
1528038802064801792	0	worldview
1527712291688357889	0	worldview
1527358969303695361	0	worldview
1526770620486524928	0	worldview
1526632939169411072	0	worldview
1526520885007745025	0	worldview
1526488778025881601	0	advice
1526430119757115392	0	worldview
1526218752789991425	0	worldview
1526092525538541568	0	worldview
1525935025715179520	0	worldview
1525552540007399425	0	worldview
1525197551623819264	0	worldview
1524457016986673159	0	worldview
1524123584264044544	0	worldview
1523851623658708993	0	worldview
1523387662622937088	0	worldview
1522997273264893952	0	worldview
1522784664196640768	0	worldview
1522332748442390528	0	worldview
1522279947888635904	0	worldview
1521935579411230720	0	worldview
1521885781421588481	0	worldview
1521804250690424832	0	worldview
1521699805873192961	0	worldview
1521564178284433408	0	worldview
1521212774915129344	0	worldview
1520989283577860096	0	worldview
1520984014437634048	0	worldview
1520839844305727489	0	worldview
1520408123621601280	0	worldview
1519755034312933376	0	worldview
1519754066984767489	0	worldview
1519410227485028352	0	worldview
1519384508579033088	0	worldview
1519043736776323072	0	worldview
1519017588260413441	0	worldview
1519007638515699712	0	worldview
1518642352918736897	0	worldview
1518217679060242434	0	worldview
1518116232259465216	0	worldview
1518097492000522240	0	worldview
1517945653489717248	0	worldview
1517589771958165504	0	worldview
1517588235832025088	0	worldview
1517584797774020608	0	worldview
1517218807030628352	0	worldview
1517204964225208322	0	worldview
1517132403281899520	0	worldview
1516777223344168960	0	worldview
1516327490708332544	0	worldview
1516136640137216000	0	worldview
1515782881955631106	0	worldview
1515694314206433283	0	worldview
1515540871625965571	0	worldview
1515016317736464384	0	worldview
1514913299124482051	0	worldview
1514653640681988096	0	worldview
1514597597578928131	0	worldview
1514394667747446785	0	worldview
1514311403624038400	0	worldview
1514309405369532416	0	worldview
1514090246526631938	0	worldview
1513983986212929538	0	worldview
1513967809184808967	0	worldview
1513609925993570304	0	worldview
1513566687857344512	0	worldview
1513230841581043713	0	worldview
1512992180797059085	0	worldview
1512863058716405760	0	worldview
1512550419398283264	0	worldview
1512540970910642180	0	worldview
1512372871477481477	0	worldview
1512143573495717888	0	worldview
1511801710255415296	0	worldview
1511252459653500930	0	worldview
1511059828114063361	0	worldview
1510981073093955584	0	worldview
1510467309240201217	0	worldview
1510322914192945154	0	worldview
1510228710611648513	0	worldview
1510098501375754245	0	worldview
1509941444077064194	0	worldview
1509926220531593216	0	worldview
1509373416956399620	0	worldview
1509363600183672833	0	worldview
1509172875504553992	0	worldview
1508887702678405121	0	worldview
1508887616867160065	0	worldview
1508527845412597760	0	worldview
1508527718497161216	0	worldview
1508526721523662849	0	worldview
1508465592525012994	0	worldview
1507966627375161345	0	worldview
1507781771089223683	0	worldview
1507780214448791552	0	worldview
1507709796451033090	0	worldview
1507594625535873028	0	worldview
1507361054711742466	0	worldview
1507065615349329926	0	worldview
1506721372302868480	0	worldview
1506438933676441601	0	worldview
1506128160374595585	0	worldview
1505989602716241923	0	worldview
1505624571978055680	0	worldview
1505265851850964993	0	worldview
1505237220600471555	0	worldview
1505126515696189443	0	worldview
1505112286020927495	0	worldview
1504319375670579200	0	worldview
1504201141520781314	0	worldview
1504191039099539456	0	worldview
1503814617893539842	0	worldview
1503595454818398214	0	worldview
1503081603547168768	0	worldview
1502868404360908800	0	worldview
1502221189489508352	0	worldview
1501962040830992386	0	worldview
1501778773468794884	0	worldview
1501619947835113472	0	worldview
1501402628760031234	0	worldview
1500692103630028802	0	worldview
1500552375421276160	0	worldview
1500552232349351936	0	worldview
1500167168256004096	0	worldview
1500054937287663617	0	worldview
1499952760850030593	0	worldview
1499744253836431367	0	worldview
1499089843946946560	0	worldview
1499050846793142274	0	worldview
1498660935107768320	0	worldview
1498605565550858240	0	worldview
1497999062033104896	0	worldview
1497997815946960897	0	worldview
1497281871189016576	0	worldview
1497276312826056705	0	worldview
1497246299044732931	0	worldview
1497064054812442627	0	worldview
1496912992763805696	0	worldview
1496893399806660608	0	worldview
1496715161255972866	0	worldview
1496555731432185859	0	worldview
1496138001143021568	0	worldview
1495960244325093381	0	worldview
1495842737014571009	0	worldview
1495222185778049024	0	worldview
1495221019509858309	0	worldview
1495089885555744772	0	worldview
1494828663569006592	0	worldview
1494724306315579392	0	worldview
1493909522796056587	0	worldview
1493781439359250434	0	worldview
1493128729970675713	0	worldview
1493068405146271747	0	worldview
1493061788438786053	0	worldview
1492904637967777794	0	worldview
1492565748530937857	0	worldview
1492358896249602048	0	worldview
1492337475091824642	0	worldview
1491997985487867904	0	worldview
1491645258458972163	0	worldview
1491501674208595971	0	worldview
1491160423571554304	0	worldview
1491129060613062656	0	worldview
1491036248051716096	0	worldview
1490880690887397378	0	worldview
1490774051652259840	0	worldview
1490749323617120256	0	worldview
1490568302489268226	0	worldview
1490529067455500293	0	worldview
1490408642637869056	0	worldview
1490310751911018501	0	worldview
1489674277389434880	0	worldview
1489581087097380865	0	worldview
1489479819389997056	0	worldview
1489432138495983618	0	worldview
1489095238342053890	0	worldview
1488960838459625472	0	worldview
1488517566356021248	0	worldview
1488378471596244993	0	worldview
1488127953275740166	0	worldview
1528405339124670465	0	worldview
1528375152739852288	0	worldview
1528360053765554176	0	worldview
1528042954300043265	0	worldview
1528012757748142082	0	worldview
1527997679128788992	0	worldview
1527680577054420992	0	worldview
1527650378602491904	0	worldview
1527635280450179073	0	worldview
1527318241613213698	0	worldview
1527287990661152770	0	worldview
1527272901694607363	0	worldview
1526955801780310016	0	worldview
1526925595820670983	0	worldview
1526910500671479809	0	worldview
1526593434290642944	0	worldview
1526563226464444422	0	worldview
1526548120590598146	0	worldview
1526231029907963905	0	worldview
1526200808156581889	0	worldview
1526185730191638529	0	worldview
1525868633464897536	0	worldview
1525838413466845185	0	worldview
1525823328665145345	0	worldview
1525506261386674176	0	advice
1525476050284814336	0	worldview
1525460948466769923	0	worldview
1525143859981852673	0	worldview
1525113664168140803	0	worldview
1525098580733612032	0	worldview
1524781480039284736	0	worldview
1524751271525289984	0	worldview
1524736193858084866	0	worldview
1524419089132830720	0	worldview
1524388890634866688	0	worldview
1524373798342074369	0	worldview
1524056709454565378	0	worldview
1524011406701510659	0	worldview
1523694314936848385	0	worldview
1523331934465703937	0	worldview
1523301730376904706	0	worldview
1523286633092583424	0	worldview
1522969523581820931	0	worldview
1522939333480792067	0	worldview
1522924240516919297	0	worldview
1522607156486365185	0	worldview
1522576969132646405	0	worldview
1522561852902936578	0	worldview
1522244783929966592	0	worldview
1522214569254408196	0	worldview
1522199468216569861	0	worldview
1521882374199459840	0	worldview
1521852146458808323	0	worldview
1521837087397277699	0	worldview
1521519991950086144	0	worldview
1521489820010397698	0	worldview
1521474692674392064	0	worldview
1521157611948843010	0	worldview
1521127396056969217	0	worldview
1521112306557595648	0	worldview
1520795217724592128	0	worldview
1520765014281539584	0	worldview
1520749895119953921	0	worldview
1520432811760660480	0	worldview
1520402636872245248	0	worldview
1520387507321548801	0	worldview
1520070404311855105	0	worldview
1520040256229330945	0	worldview
1520025142633676800	1	worldview
1519708021059997697	0	worldview
1519677872109146113	0	worldview
1519662753409024000	0	worldview
1528639114094034945	0	worldview
1528615709856645120	0	worldview
1528592305636184064	0	worldview
1528568649832865792	0	worldview
1528545497278910464	0	worldview
1528521589737897985	0	worldview
1528498185647308801	0	worldview
1528474278462627845	0	worldview
1528450370434899968	0	worldview
1528426966621093888	0	worldview
1528403058773721089	0	worldview
1528379654607736832	0	worldview
1528355747033227269	0	worldview
1528332342728790021	0	worldview
1528308686904492037	0	worldview
1528294407199412224	0	worldview
1528285534489026560	0	worldview
1528261626754846720	0	worldview
1528238222450364416	0	worldview
1528214314972086273	0	worldview
1528191162359504896	0	worldview
1528167758168371200	0	worldview
1528143850794979328	0	worldview
1528120194752622592	0	worldview
1528097801619611648	0	worldview
1528096790716854279	0	worldview
1528072883041226752	0	worldview
1528049982296629248	0	worldview
1528025571451514881	0	worldview
1528002922251833345	0	worldview
1527984803546648581	0	worldview
1527967981082402817	0	worldview
1527955862261833728	0	worldview
1527931451085307904	0	worldview
1527908550852464641	0	worldview
1527884894495309824	0	worldview
1527861490148966400	0	worldview
1527837330920378368	0	worldview
1527814178668421121	0	worldview
1527790271521427456	0	worldview
1527767370298556416	0	worldview
1527743714193383424	0	worldview
1527719807226851328	0	worldview
1527706720444850177	0	worldview
1527672747911946246	0	worldview
1527648587416408064	0	worldview
1527625687368093701	0	worldview
1527612350093615108	0	worldview
1527598958926774272	0	worldview
1527578374654332930	0	worldview
1527554467268218880	0	worldview
1527531063085617152	0	worldview
1527508162118438912	0	worldview
1527483751319711745	0	worldview
1527461353480507402	0	worldview
1527435684830556161	0	worldview
1527414042289131545	0	worldview
1527388373056245764	0	worldview
1527367235378917401	0	worldview
1527341564317429760	0	worldview
1527319922732257285	0	worldview
1527295260711215110	0	worldview
1.52727E+18	0	worldview
1527248199165042689	0	worldview
1527236332883521536	0	worldview
1527224543604973568	0	worldview
1527200889001324544	0	worldview
1527177231461625856	0	worldview
1527153575767552001	0	worldview
1527130423427481602	0	worldview
1527106012335034370	0	worldview
1527083113750310913	0	worldview
1527058450127020033	0	worldview
1527035549298610178	0	worldview
1527011137711054848	0	worldview
1526987984444063745	0	worldview
1526963825853050882	0	worldview
1526940421305212928	0	worldview
1526916516926656513	0	worldview
1526908565721690112	0	worldview
1526892102692442114	0	worldview
1526869705205567488	0	worldview
1526852335753887747	0	worldview
1526844791073296384	0	worldview
1526822645332951040	0	worldview
1526797731078889472	0	worldview
1526775334342828033	0	worldview
1526750419258679297	0	worldview
1526727267157540864	0	worldview
1526703359175950336	0	worldview
1526679954724900865	0	worldview
1526656803542429696	0	worldview
1526632643298590720	0	worldview
1526609491101372417	0	worldview
1526585583933349888	0	worldview
1526561928025235457	0	worldview
1526538524006264832	0	worldview
1526514364332638208	0	worldview
1526491463420416000	0	worldview
1526467303818158081	0	worldview
1526443396969246720	0	worldview
1526420746834165761	0	worldview
1526396337603743744	0	worldview
1526373938456014848	0	worldview
1526349024764129280	0	worldview
1526327129947922433	0	worldview
1526302467612413954	0	worldview
1526280573668405248	0	worldview
1526255155988922369	0	worldview
1526232759097647104	0	worldview
1526203577512996864	0	worldview
1526185446761431041	0	worldview
1526161036289576960	0	worldview
1526138135989481472	0	worldview
1526114227152461824	0	worldview
1526090822919278593	0	worldview
1526067670654779393	0	worldview
1526043512617152512	0	worldview
1526020107205484545	0	worldview
1525996702703964160	0	worldview
1525972040338919424	0	worldview
1525949894619439105	0	worldview
1525934039999315969	0	worldview
1525902834998251520	0	worldview
1525877416937328645	0	worldview
1525863827148967937	0	worldview
1525830356599021570	0	worldview
1525807960122744832	0	worldview
1525783548342456320	0	worldview
1525760647618826241	0	worldview
1525736991773671425	0	worldview
1525713335924162561	0	worldview
1525689931246575619	0	worldview
1525666275413970944	0	worldview
1525642368002801668	0	worldview
1525619215566348290	0	worldview
1525594804649742336	0	worldview
1525571903896920064	0	worldview
1525547492648964096	0	worldview
1525524843399192577	0	worldview
1525500684518440963	0	worldview
1525485374814003203	0	worldview
1525477783555694598	0	worldview
1525453876241043458	0	worldview
1525430471739330560	0	worldview
1525406815625924609	0	worldview
1525383159868710912	0	worldview
1525359505046769664	0	worldview
1525335596394237953	0	worldview
1525312444003909634	0	worldview
1525288788141887488	0	worldview
1525265384257081344	0	worldview
1525241476380344320	0	worldview
1525217317289807872	0	worldview
1525194667893174272	0	worldview
1525170257224118272	0	worldview
1525147859531841536	0	worldview
1525126533987303426	0	worldview
1525123448942432256	0	worldview
1525100547870756865	0	worldview
1525076389807857664	0	worldview
1525052984278786055	0	worldview
1525029328529989633	0	worldview
1525005672458473472	0	worldview
1524982520479158313	0	worldview
1524958612371582976	0	worldview
1524935208650149888	0	worldview
1524912055521771521	0	worldview
1524888148752359440	0	worldview
1524864995636391936	0	worldview
1524840836390866954	0	worldview
1524817683904176130	0	worldview
1524792266560266242	0	worldview
1524770121306230786	0	worldview
1524745206414852096	0	worldview
1524731943828729856	0	worldview
1524722809628356609	0	worldview
1524703750392274944	0	worldview
1524698146332311553	0	worldview
1524675245315137537	0	worldview
1524651338092756993	0	worldview
1524628185366753280	0	worldview
1515612871212036096	0	worldview
1514973313059426307	0	worldview
1514890925494837253	0	worldview
1514821031944671235	0	worldview
1514168027742601217	0	worldview
1513757442190229508	0	worldview
1513594080563175424	0	worldview
1513153608984178689	0	worldview
1512406343486955520	0	worldview
1512293275117375492	0	worldview
1511929475910762496	0	worldview
1511681675138592773	0	worldview
1511667102822051845	0	worldview
1511313032160616452	0	worldview
1510505502543085574	0	worldview
1510241161864425476	0	worldview
1509831754496221188	0	worldview
1509795132685832193	0	worldview
1509310407793848322	0	worldview
1509088398379995140	0	worldview
1508658920315056132	0	worldview
1508370207945138179	0	worldview
1508302763012153354	0	worldview
1508268533482160131	0	worldview
1507380340314177537	0	worldview
1507298259005411332	0	worldview
1507278035053342720	0	worldview
1506983796369158145	0	worldview
1506638522530537472	0	worldview
1506275817898364932	0	worldview
1506211501585367044	0	worldview
1506150538416562176	0	worldview
1505904032543821826	0	worldview
1505878965969625091	0	worldview
1504834644583530501	0	worldview
1504786368609853441	0	worldview
1504711528750415873	0	worldview
1504468371462848516	0	worldview
1504432694524260357	0	worldview
1504049061015416832	0	worldview
1503980600755372035	0	worldview
1503415483584118785	0	worldview
1503005495652909058	0	worldview
1502993201095127044	0	worldview
1502686768281255937	0	worldview
1502321618353332229	0	worldview
1501880317619376129	0	worldview
1501605568712171525	0	worldview
1501570327855439874	0	worldview
1501199304278614017	0	worldview
1501110857287311361	0	worldview
1500916780503609362	0	worldview
1500856104108138500	0	worldview
1500528531331235853	0	worldview
1500418868875038720	0	worldview
1500180965485957123	0	worldview
1499792877790109700	0	worldview
1499476568460124160	0	worldview
1499372975144976386	0	worldview
1498937171776000001	0	worldview
1498585694381527041	0	worldview
1498345279195475976	0	worldview
1498328795329216512	0	worldview
1498309213105369091	0	worldview
1498218071529504769	0	worldview
1497943434564415488	0	worldview
1497877208265748482	0	worldview
1497614496759750666	0	worldview
1497559542682427398	0	worldview
1497530685485207555	0	worldview
1497209284790206483	0	worldview
1497191264063791122	0	worldview
1497157797275918336	0	worldview
1496881442017759232	0	worldview
1496507839279415309	0	worldview
1496464043393048583	0	worldview
1496189532479401988	0	worldview
1496139283350097931	0	worldview
1495838179810758661	0	worldview
1495809866056744966	0	worldview
1495792713819643909	0	worldview
1495441146306252804	0	worldview
1495394686114189312	0	worldview
1495384362740858887	0	worldview
1495084347317235718	0	worldview
1495048130752094215	0	worldview
1494725878152060931	0	worldview
1494708228478939143	0	worldview
1494395471925854208	0	worldview
1494322663866580995	0	worldview